AppID|AppName|NormAppName|UserName|ClusterName|Subscription|AppSubmitTime|AppStartTime|AppEndTime|AppWallClockTime|QueryID|AppQueryID|QueryStartTime|QueryEndTime|QueryWallClockTime|OperatorName|OperatorID|TreeLevel|ParentID|ChildCount|LogicalName|StrictSignature|NonStrictSignature|PRowCount|PExclusiveTime|PSerialTime|Parameters|Bytes|RowCount|ExclusiveTime|MaxMemory|InputCard|AvgRowLength|InputDataset
application_1642574874791_0003|SparkSQL::10.0.0.13|SparkSQL::10.0.0.13|root|||0|1642575307211|1642575343591|36380|0|application_1642574874791_0003_0|1642575335390|1642575339205|3815|CreateTableCommand|1|0|0|0||18446744072270481130|13162409213080400800|0|0|0|"{""ignoreIfExists"":true,""num-children"":0,""class"":""org.apache.spark.sql.execution.command.CreateTableCommand"",""table"":{""schema"":{""type"":""struct"",""fields"":[{""metadata"":{},""nullable"":true,""name"":""ClientId"",""type"":""string""},{""metadata"":{},""nullable"":true,""name"":""QueryTime"",""type"":""string""},{""metadata"":{},""nullable"":true,""name"":""Market"",""type"":""string""},{""metadata"":{},""nullable"":true,""name"":""DevicePlatform"",""type"":""string""},{""metadata"":{},""nullable"":true,""name"":""DeviceMake"",""type"":""string""},{""metadata"":{},""nullable"":true,""name"":""DeviceModel"",""type"":""string""},{""metadata"":{},""nullable"":true,""name"":""State"",""type"":""string""},{""metadata"":{},""nullable"":true,""name"":""Country"",""type"":""string""},{""metadata"":{},""nullable"":true,""name"":""QueryDwellTime"",""type"":""double""},{""metadata"":{},""nullable"":true,""name"":""SessionId"",""type"":""long""},{""metadata"":{},""nullable"":true,""name"":""SessionPageViewOrder"",""type"":""long""}]},""owner"":"""",""createVersion"":"""",""identifier"":{""database"":""default"",""table"":""HiveSampleTable"",""product-class"":""org.apache.spark.sql.catalyst.TableIdentifier""},""lastAccessTime"":-1,""unsupportedFeatures"":[],""schemaPreservesCase"":true,""storage"":{""serde"":""org.apache.hadoop.hive.serde2.lazy.LazySimpleSerDe"",""compressed"":false,""inputFormat"":""org.apache.hadoop.mapred.TextInputFormat"",""outputFormat"":""org.apache.hadoop.hive.ql.io.HiveIgnoreKeyTextOutputFormat"",""properties"":null,""product-class"":""org.apache.spark.sql.catalyst.catalog.CatalogStorageFormat""},""tableType"":{""name"":""MANAGED"",""product-class"":""org.apache.spark.sql.catalyst.catalog.CatalogTableType""},""partitionColumnNames"":[],""provider"":""hive"",""createTime"":1642575334741,""ignoredProperties"":null,""properties"":null,""tracksPartitionsInCatalog"":false,""product-class"":""org.apache.spark.sql.catalyst.catalog.CatalogTable""}}"|0|0|0|0|-1|-1|
application_1642574874791_0003|SparkSQL::10.0.0.13|SparkSQL::10.0.0.13|root|||0|1642575307211|1642575343591|36380|1|application_1642574874791_0003_1|1642575340253|1642575340294|41|LoadDataCommand|1|0|0|0||15010969944881085410|15010969944881085410|0|0|0|"{""path"":""\/usr\/lib\/examples\/hive\/HiveSampleData.txt"",""isOverwrite"":true,""num-children"":0,""class"":""org.apache.spark.sql.execution.command.LoadDataCommand"",""table"":{""table"":""HiveSampleTable"",""product-class"":""org.apache.spark.sql.catalyst.TableIdentifier""},""isLocal"":true}"|0|0|0|0|-1|-1|
application_1642574874791_0004|Spark shell|Spark shell|sshuser|||0|1642575950732|1642576104281|153549|0|application_1642574874791_0004_0|1642576050680|1642576062569|11889|Aggregate|1|0|0|1||18446744072707060496|1593761760087311271|0|0|0|"{""aggregateExpressions"":[[{""num-children"":1,""qualifier"":[],""name"":""count(1)"",""exprId"":{""jvmId"":""f3214492-5a10-4d4a-b6d0-52a2499ec535"",""id"":12,""product-class"":""org.apache.spark.sql.catalyst.expressions.ExprId""},""class"":""org.apache.spark.sql.catalyst.expressions.Alias"",""child"":0,""explicitMetadata"":{}},{""mode"":{""object"":""org.apache.spark.sql.catalyst.expressions.aggregate.Complete$""},""resultId"":{""jvmId"":""f3214492-5a10-4d4a-b6d0-52a2499ec535"",""id"":0,""product-class"":""org.apache.spark.sql.catalyst.expressions.ExprId""},""num-children"":1,""isDistinct"":false,""aggregateFunction"":0,""class"":""org.apache.spark.sql.catalyst.expressions.aggregate.AggregateExpression""},{""children"":[0],""num-children"":1,""class"":""org.apache.spark.sql.catalyst.expressions.aggregate.Count""},{""num-children"":0,""dataType"":""integer"",""class"":""org.apache.spark.sql.catalyst.expressions.Literal"",""value"":""1""}]],""num-children"":1,""groupingExpressions"":[],""class"":""org.apache.spark.sql.catalyst.plans.logical.Aggregate"",""child"":0}"|0|0|0|0|-1|-1|
application_1642574874791_0004|Spark shell|Spark shell|sshuser|||0|1642575950732|1642576104281|153549|0|application_1642574874791_0004_0|1642576050680|1642576062569|11889|Project|2|1|1|1||13963707643716893378|5919023117822519469|0|0|0|"{""projectList"":[],""num-children"":1,""class"":""org.apache.spark.sql.catalyst.plans.logical.Project"",""child"":0}"|0|0|0|0|-1|-1|
application_1642574874791_0004|Spark shell|Spark shell|sshuser|||0|1642575950732|1642576104281|153549|0|application_1642574874791_0004_0|1642576050680|1642576062569|11889|HiveTableRelation|3|2|2|0||18446744072324314892|18446744073121651310|0|0|0|"{""tableMeta"":{""schema"":{""type"":""struct"",""fields"":[{""metadata"":{},""nullable"":true,""name"":""ClientId"",""type"":""string""},{""metadata"":{},""nullable"":true,""name"":""QueryTime"",""type"":""string""},{""metadata"":{},""nullable"":true,""name"":""Market"",""type"":""string""},{""metadata"":{},""nullable"":true,""name"":""DevicePlatform"",""type"":""string""},{""metadata"":{},""nullable"":true,""name"":""DeviceMake"",""type"":""string""},{""metadata"":{},""nullable"":true,""name"":""DeviceModel"",""type"":""string""},{""metadata"":{},""nullable"":true,""name"":""State"",""type"":""string""},{""metadata"":{},""nullable"":true,""name"":""Country"",""type"":""string""},{""metadata"":{},""nullable"":true,""name"":""QueryDwellTime"",""type"":""double""},{""metadata"":{},""nullable"":true,""name"":""SessionId"",""type"":""long""},{""metadata"":{},""nullable"":true,""name"":""SessionPageViewOrder"",""type"":""long""}]},""owner"":""root"",""createVersion"":""2.4.4.4.1.8.19"",""identifier"":{""database"":""default"",""table"":""hivesampletable"",""product-class"":""org.apache.spark.sql.catalyst.TableIdentifier""},""lastAccessTime"":0,""unsupportedFeatures"":[],""schemaPreservesCase"":true,""storage"":{""serde"":""org.apache.hadoop.hive.serde2.lazy.LazySimpleSerDe"",""compressed"":false,""locationUri"":null,""inputFormat"":""org.apache.hadoop.mapred.TextInputFormat"",""outputFormat"":""org.apache.hadoop.hive.ql.io.HiveIgnoreKeyTextOutputFormat"",""properties"":null,""product-class"":""org.apache.spark.sql.catalyst.catalog.CatalogStorageFormat""},""tableType"":{""name"":""MANAGED"",""product-class"":""org.apache.spark.sql.catalyst.catalog.CatalogTableType""},""partitionColumnNames"":[],""provider"":""hive"",""createTime"":1642575337000,""stats"":null,""ignoredProperties"":null,""properties"":null,""tracksPartitionsInCatalog"":true,""product-class"":""org.apache.spark.sql.catalyst.catalog.CatalogTable""},""dataCols"":[[{""metadata"":{},""nullable"":true,""num-children"":0,""dataType"":""string"",""qualifier"":[],""name"":""ClientId"",""exprId"":{""jvmId"":""f3214492-5a10-4d4a-b6d0-52a2499ec535"",""id"":1,""product-class"":""org.apache.spark.sql.catalyst.expressions.ExprId""},""class"":""org.apache.spark.sql.catalyst.expressions.AttributeReference""}],[{""metadata"":{},""nullable"":true,""num-children"":0,""dataType"":""string"",""qualifier"":[],""name"":""QueryTime"",""exprId"":{""jvmId"":""f3214492-5a10-4d4a-b6d0-52a2499ec535"",""id"":2,""product-class"":""org.apache.spark.sql.catalyst.expressions.ExprId""},""class"":""org.apache.spark.sql.catalyst.expressions.AttributeReference""}],[{""metadata"":{},""nullable"":true,""num-children"":0,""dataType"":""string"",""qualifier"":[],""name"":""Market"",""exprId"":{""jvmId"":""f3214492-5a10-4d4a-b6d0-52a2499ec535"",""id"":3,""product-class"":""org.apache.spark.sql.catalyst.expressions.ExprId""},""class"":""org.apache.spark.sql.catalyst.expressions.AttributeReference""}],[{""metadata"":{},""nullable"":true,""num-children"":0,""dataType"":""string"",""qualifier"":[],""name"":""DevicePlatform"",""exprId"":{""jvmId"":""f3214492-5a10-4d4a-b6d0-52a2499ec535"",""id"":4,""product-class"":""org.apache.spark.sql.catalyst.expressions.ExprId""},""class"":""org.apache.spark.sql.catalyst.expressions.AttributeReference""}],[{""metadata"":{},""nullable"":true,""num-children"":0,""dataType"":""string"",""qualifier"":[],""name"":""DeviceMake"",""exprId"":{""jvmId"":""f3214492-5a10-4d4a-b6d0-52a2499ec535"",""id"":5,""product-class"":""org.apache.spark.sql.catalyst.expressions.ExprId""},""class"":""org.apache.spark.sql.catalyst.expressions.AttributeReference""}],[{""metadata"":{},""nullable"":true,""num-children"":0,""dataType"":""string"",""qualifier"":[],""name"":""DeviceModel"",""exprId"":{""jvmId"":""f3214492-5a10-4d4a-b6d0-52a2499ec535"",""id"":6,""product-class"":""org.apache.spark.sql.catalyst.expressions.ExprId""},""class"":""org.apache.spark.sql.catalyst.expressions.AttributeReference""}],[{""metadata"":{},""nullable"":true,""num-children"":0,""dataType"":""string"",""qualifier"":[],""name"":""State"",""exprId"":{""jvmId"":""f3214492-5a10-4d4a-b6d0-52a2499ec535"",""id"":7,""product-class"":""org.apache.spark.sql.catalyst.expressions.ExprId""},""class"":""org.apache.spark.sql.catalyst.expressions.AttributeReference""}],[{""metadata"":{},""nullable"":true,""num-children"":0,""dataType"":""string"",""qualifier"":[],""name"":""Country"",""exprId"":{""jvmId"":""f3214492-5a10-4d4a-b6d0-52a2499ec535"",""id"":8,""product-class"":""org.apache.spark.sql.catalyst.expressions.ExprId""},""class"":""org.apache.spark.sql.catalyst.expressions.AttributeReference""}],[{""metadata"":{},""nullable"":true,""num-children"":0,""dataType"":""double"",""qualifier"":[],""name"":""QueryDwellTime"",""exprId"":{""jvmId"":""f3214492-5a10-4d4a-b6d0-52a2499ec535"",""id"":9,""product-class"":""org.apache.spark.sql.catalyst.expressions.ExprId""},""class"":""org.apache.spark.sql.catalyst.expressions.AttributeReference""}],[{""metadata"":{},""nullable"":true,""num-children"":0,""dataType"":""long"",""qualifier"":[],""name"":""SessionId"",""exprId"":{""jvmId"":""f3214492-5a10-4d4a-b6d0-52a2499ec535"",""id"":10,""product-class"":""org.apache.spark.sql.catalyst.expressions.ExprId""},""class"":""org.apache.spark.sql.catalyst.expressions.AttributeReference""}],[{""metadata"":{},""nullable"":true,""num-children"":0,""dataType"":""long"",""qualifier"":[],""name"":""SessionPageViewOrder"",""exprId"":{""jvmId"":""f3214492-5a10-4d4a-b6d0-52a2499ec535"",""id"":11,""product-class"":""org.apache.spark.sql.catalyst.expressions.ExprId""},""class"":""org.apache.spark.sql.catalyst.expressions.AttributeReference""}]],""num-children"":0,""partitionCols"":[],""class"":""org.apache.spark.sql.catalyst.catalog.HiveTableRelation""}"|0|0|0|0|-1|-1|
application_1642574874791_0004|Spark shell|Spark shell|sshuser|||0|1642575950732|1642576104281|153549|1|application_1642574874791_0004_1|1642576063907|1642576064804|897|Aggregate|1|0|0|1||18446744072707060496|1593761760087311271|0|0|0|"{""aggregateExpressions"":[[{""num-children"":1,""qualifier"":[],""name"":""count(1)"",""exprId"":{""jvmId"":""f3214492-5a10-4d4a-b6d0-52a2499ec535"",""id"":29,""product-class"":""org.apache.spark.sql.catalyst.expressions.ExprId""},""class"":""org.apache.spark.sql.catalyst.expressions.Alias"",""child"":0,""explicitMetadata"":{}},{""mode"":{""object"":""org.apache.spark.sql.catalyst.expressions.aggregate.Complete$""},""resultId"":{""jvmId"":""f3214492-5a10-4d4a-b6d0-52a2499ec535"",""id"":17,""product-class"":""org.apache.spark.sql.catalyst.expressions.ExprId""},""num-children"":1,""isDistinct"":false,""aggregateFunction"":0,""class"":""org.apache.spark.sql.catalyst.expressions.aggregate.AggregateExpression""},{""children"":[0],""num-children"":1,""class"":""org.apache.spark.sql.catalyst.expressions.aggregate.Count""},{""num-children"":0,""dataType"":""integer"",""class"":""org.apache.spark.sql.catalyst.expressions.Literal"",""value"":""1""}]],""num-children"":1,""groupingExpressions"":[],""class"":""org.apache.spark.sql.catalyst.plans.logical.Aggregate"",""child"":0}"|0|0|0|0|-1|-1|
application_1642574874791_0004|Spark shell|Spark shell|sshuser|||0|1642575950732|1642576104281|153549|1|application_1642574874791_0004_1|1642576063907|1642576064804|897|Project|2|1|1|1||13963707643716893378|5919023117822519469|0|0|0|"{""projectList"":[],""num-children"":1,""class"":""org.apache.spark.sql.catalyst.plans.logical.Project"",""child"":0}"|0|0|0|0|-1|-1|
application_1642574874791_0004|Spark shell|Spark shell|sshuser|||0|1642575950732|1642576104281|153549|1|application_1642574874791_0004_1|1642576063907|1642576064804|897|HiveTableRelation|3|2|2|0||18446744072324314892|18446744073121651310|0|0|0|"{""tableMeta"":{""schema"":{""type"":""struct"",""fields"":[{""metadata"":{},""nullable"":true,""name"":""ClientId"",""type"":""string""},{""metadata"":{},""nullable"":true,""name"":""QueryTime"",""type"":""string""},{""metadata"":{},""nullable"":true,""name"":""Market"",""type"":""string""},{""metadata"":{},""nullable"":true,""name"":""DevicePlatform"",""type"":""string""},{""metadata"":{},""nullable"":true,""name"":""DeviceMake"",""type"":""string""},{""metadata"":{},""nullable"":true,""name"":""DeviceModel"",""type"":""string""},{""metadata"":{},""nullable"":true,""name"":""State"",""type"":""string""},{""metadata"":{},""nullable"":true,""name"":""Country"",""type"":""string""},{""metadata"":{},""nullable"":true,""name"":""QueryDwellTime"",""type"":""double""},{""metadata"":{},""nullable"":true,""name"":""SessionId"",""type"":""long""},{""metadata"":{},""nullable"":true,""name"":""SessionPageViewOrder"",""type"":""long""}]},""owner"":""root"",""createVersion"":""2.4.4.4.1.8.19"",""identifier"":{""database"":""default"",""table"":""hivesampletable"",""product-class"":""org.apache.spark.sql.catalyst.TableIdentifier""},""lastAccessTime"":0,""unsupportedFeatures"":[],""schemaPreservesCase"":true,""storage"":{""serde"":""org.apache.hadoop.hive.serde2.lazy.LazySimpleSerDe"",""compressed"":false,""locationUri"":null,""inputFormat"":""org.apache.hadoop.mapred.TextInputFormat"",""outputFormat"":""org.apache.hadoop.hive.ql.io.HiveIgnoreKeyTextOutputFormat"",""properties"":null,""product-class"":""org.apache.spark.sql.catalyst.catalog.CatalogStorageFormat""},""tableType"":{""name"":""MANAGED"",""product-class"":""org.apache.spark.sql.catalyst.catalog.CatalogTableType""},""partitionColumnNames"":[],""provider"":""hive"",""createTime"":1642575337000,""stats"":null,""ignoredProperties"":null,""properties"":null,""tracksPartitionsInCatalog"":true,""product-class"":""org.apache.spark.sql.catalyst.catalog.CatalogTable""},""dataCols"":[[{""metadata"":{},""nullable"":true,""num-children"":0,""dataType"":""string"",""qualifier"":[],""name"":""ClientId"",""exprId"":{""jvmId"":""f3214492-5a10-4d4a-b6d0-52a2499ec535"",""id"":18,""product-class"":""org.apache.spark.sql.catalyst.expressions.ExprId""},""class"":""org.apache.spark.sql.catalyst.expressions.AttributeReference""}],[{""metadata"":{},""nullable"":true,""num-children"":0,""dataType"":""string"",""qualifier"":[],""name"":""QueryTime"",""exprId"":{""jvmId"":""f3214492-5a10-4d4a-b6d0-52a2499ec535"",""id"":19,""product-class"":""org.apache.spark.sql.catalyst.expressions.ExprId""},""class"":""org.apache.spark.sql.catalyst.expressions.AttributeReference""}],[{""metadata"":{},""nullable"":true,""num-children"":0,""dataType"":""string"",""qualifier"":[],""name"":""Market"",""exprId"":{""jvmId"":""f3214492-5a10-4d4a-b6d0-52a2499ec535"",""id"":20,""product-class"":""org.apache.spark.sql.catalyst.expressions.ExprId""},""class"":""org.apache.spark.sql.catalyst.expressions.AttributeReference""}],[{""metadata"":{},""nullable"":true,""num-children"":0,""dataType"":""string"",""qualifier"":[],""name"":""DevicePlatform"",""exprId"":{""jvmId"":""f3214492-5a10-4d4a-b6d0-52a2499ec535"",""id"":21,""product-class"":""org.apache.spark.sql.catalyst.expressions.ExprId""},""class"":""org.apache.spark.sql.catalyst.expressions.AttributeReference""}],[{""metadata"":{},""nullable"":true,""num-children"":0,""dataType"":""string"",""qualifier"":[],""name"":""DeviceMake"",""exprId"":{""jvmId"":""f3214492-5a10-4d4a-b6d0-52a2499ec535"",""id"":22,""product-class"":""org.apache.spark.sql.catalyst.expressions.ExprId""},""class"":""org.apache.spark.sql.catalyst.expressions.AttributeReference""}],[{""metadata"":{},""nullable"":true,""num-children"":0,""dataType"":""string"",""qualifier"":[],""name"":""DeviceModel"",""exprId"":{""jvmId"":""f3214492-5a10-4d4a-b6d0-52a2499ec535"",""id"":23,""product-class"":""org.apache.spark.sql.catalyst.expressions.ExprId""},""class"":""org.apache.spark.sql.catalyst.expressions.AttributeReference""}],[{""metadata"":{},""nullable"":true,""num-children"":0,""dataType"":""string"",""qualifier"":[],""name"":""State"",""exprId"":{""jvmId"":""f3214492-5a10-4d4a-b6d0-52a2499ec535"",""id"":24,""product-class"":""org.apache.spark.sql.catalyst.expressions.ExprId""},""class"":""org.apache.spark.sql.catalyst.expressions.AttributeReference""}],[{""metadata"":{},""nullable"":true,""num-children"":0,""dataType"":""string"",""qualifier"":[],""name"":""Country"",""exprId"":{""jvmId"":""f3214492-5a10-4d4a-b6d0-52a2499ec535"",""id"":25,""product-class"":""org.apache.spark.sql.catalyst.expressions.ExprId""},""class"":""org.apache.spark.sql.catalyst.expressions.AttributeReference""}],[{""metadata"":{},""nullable"":true,""num-children"":0,""dataType"":""double"",""qualifier"":[],""name"":""QueryDwellTime"",""exprId"":{""jvmId"":""f3214492-5a10-4d4a-b6d0-52a2499ec535"",""id"":26,""product-class"":""org.apache.spark.sql.catalyst.expressions.ExprId""},""class"":""org.apache.spark.sql.catalyst.expressions.AttributeReference""}],[{""metadata"":{},""nullable"":true,""num-children"":0,""dataType"":""long"",""qualifier"":[],""name"":""SessionId"",""exprId"":{""jvmId"":""f3214492-5a10-4d4a-b6d0-52a2499ec535"",""id"":27,""product-class"":""org.apache.spark.sql.catalyst.expressions.ExprId""},""class"":""org.apache.spark.sql.catalyst.expressions.AttributeReference""}],[{""metadata"":{},""nullable"":true,""num-children"":0,""dataType"":""long"",""qualifier"":[],""name"":""SessionPageViewOrder"",""exprId"":{""jvmId"":""f3214492-5a10-4d4a-b6d0-52a2499ec535"",""id"":28,""product-class"":""org.apache.spark.sql.catalyst.expressions.ExprId""},""class"":""org.apache.spark.sql.catalyst.expressions.AttributeReference""}]],""num-children"":0,""partitionCols"":[],""class"":""org.apache.spark.sql.catalyst.catalog.HiveTableRelation""}"|0|0|0|0|-1|-1|
application_1642574874791_0004|Spark shell|Spark shell|sshuser|||0|1642575950732|1642576104281|153549|2|application_1642574874791_0004_2|1642576066895|1642576073456|6561|GlobalLimit|1|0|0|1||4046812779972629486|8748948180452905684|0|0|0|"{""limitExpr"":[{""num-children"":0,""dataType"":""integer"",""class"":""org.apache.spark.sql.catalyst.expressions.Literal"",""value"":""21""}],""num-children"":1,""class"":""org.apache.spark.sql.catalyst.plans.logical.GlobalLimit"",""child"":0}"|0|0|0|0|-1|-1|
application_1642574874791_0004|Spark shell|Spark shell|sshuser|||0|1642575950732|1642576104281|153549|2|application_1642574874791_0004_2|1642576066895|1642576073456|6561|LocalLimit|2|1|1|1||18446744071702388874|18446744072895633261|0|0|0|"{""limitExpr"":[{""num-children"":0,""dataType"":""integer"",""class"":""org.apache.spark.sql.catalyst.expressions.Literal"",""value"":""21""}],""num-children"":1,""class"":""org.apache.spark.sql.catalyst.plans.logical.LocalLimit"",""child"":0}"|0|0|0|0|-1|-1|
application_1642574874791_0004|Spark shell|Spark shell|sshuser|||0|1642575950732|1642576104281|153549|2|application_1642574874791_0004_2|1642576066895|1642576073456|6561|Aggregate|3|2|2|1||18446744073355763116|18446744073621796959|0|0|0|"{""aggregateExpressions"":[[{""metadata"":{},""nullable"":true,""num-children"":0,""dataType"":""string"",""qualifier"":""[default, hivesampletable]"",""name"":""market"",""exprId"":{""jvmId"":""f3214492-5a10-4d4a-b6d0-52a2499ec535"",""id"":36,""product-class"":""org.apache.spark.sql.catalyst.expressions.ExprId""},""class"":""org.apache.spark.sql.catalyst.expressions.AttributeReference""}]],""num-children"":1,""groupingExpressions"":[[{""metadata"":{},""nullable"":true,""num-children"":0,""dataType"":""string"",""qualifier"":""[default, hivesampletable]"",""name"":""market"",""exprId"":{""jvmId"":""f3214492-5a10-4d4a-b6d0-52a2499ec535"",""id"":36,""product-class"":""org.apache.spark.sql.catalyst.expressions.ExprId""},""class"":""org.apache.spark.sql.catalyst.expressions.AttributeReference""}]],""class"":""org.apache.spark.sql.catalyst.plans.logical.Aggregate"",""child"":0}"|0|0|0|0|-1|-1|
application_1642574874791_0004|Spark shell|Spark shell|sshuser|||0|1642575950732|1642576104281|153549|2|application_1642574874791_0004_2|1642576066895|1642576073456|6561|Project|4|3|3|1||121166136032002542|18446744072385202250|0|0|0|"{""projectList"":[[{""metadata"":{},""nullable"":true,""num-children"":0,""dataType"":""string"",""qualifier"":""[default, hivesampletable]"",""name"":""market"",""exprId"":{""jvmId"":""f3214492-5a10-4d4a-b6d0-52a2499ec535"",""id"":36,""product-class"":""org.apache.spark.sql.catalyst.expressions.ExprId""},""class"":""org.apache.spark.sql.catalyst.expressions.AttributeReference""}]],""num-children"":1,""class"":""org.apache.spark.sql.catalyst.plans.logical.Project"",""child"":0}"|0|0|0|0|-1|-1|
application_1642574874791_0004|Spark shell|Spark shell|sshuser|||0|1642575950732|1642576104281|153549|2|application_1642574874791_0004_2|1642576066895|1642576073456|6561|Filter|5|4|4|1||18446744071889497700|9409467400931056980|0|0|0|"{""condition"":[{""left"":0,""num-children"":2,""right"":1,""class"":""org.apache.spark.sql.catalyst.expressions.And""},{""num-children"":1,""class"":""org.apache.spark.sql.catalyst.expressions.IsNotNull"",""child"":0},{""metadata"":{},""nullable"":true,""num-children"":0,""dataType"":""string"",""qualifier"":""[default, hivesampletable]"",""name"":""querytime"",""exprId"":{""jvmId"":""f3214492-5a10-4d4a-b6d0-52a2499ec535"",""id"":35,""product-class"":""org.apache.spark.sql.catalyst.expressions.ExprId""},""class"":""org.apache.spark.sql.catalyst.expressions.AttributeReference""},{""left"":0,""num-children"":2,""right"":1,""class"":""org.apache.spark.sql.catalyst.expressions.StartsWith""},{""metadata"":{},""nullable"":true,""num-children"":0,""dataType"":""string"",""qualifier"":""[default, hivesampletable]"",""name"":""querytime"",""exprId"":{""jvmId"":""f3214492-5a10-4d4a-b6d0-52a2499ec535"",""id"":35,""product-class"":""org.apache.spark.sql.catalyst.expressions.ExprId""},""class"":""org.apache.spark.sql.catalyst.expressions.AttributeReference""},{""num-children"":0,""dataType"":""string"",""class"":""org.apache.spark.sql.catalyst.expressions.Literal"",""value"":""11""}],""num-children"":1,""class"":""org.apache.spark.sql.catalyst.plans.logical.Filter"",""child"":0}"|0|0|0|0|-1|-1|
application_1642574874791_0004|Spark shell|Spark shell|sshuser|||0|1642575950732|1642576104281|153549|2|application_1642574874791_0004_2|1642576066895|1642576073456|6561|HiveTableRelation|6|5|5|0||18446744072324314892|18446744073121651310|0|0|0|"{""tableMeta"":{""schema"":{""type"":""struct"",""fields"":[{""metadata"":{},""nullable"":true,""name"":""ClientId"",""type"":""string""},{""metadata"":{},""nullable"":true,""name"":""QueryTime"",""type"":""string""},{""metadata"":{},""nullable"":true,""name"":""Market"",""type"":""string""},{""metadata"":{},""nullable"":true,""name"":""DevicePlatform"",""type"":""string""},{""metadata"":{},""nullable"":true,""name"":""DeviceMake"",""type"":""string""},{""metadata"":{},""nullable"":true,""name"":""DeviceModel"",""type"":""string""},{""metadata"":{},""nullable"":true,""name"":""State"",""type"":""string""},{""metadata"":{},""nullable"":true,""name"":""Country"",""type"":""string""},{""metadata"":{},""nullable"":true,""name"":""QueryDwellTime"",""type"":""double""},{""metadata"":{},""nullable"":true,""name"":""SessionId"",""type"":""long""},{""metadata"":{},""nullable"":true,""name"":""SessionPageViewOrder"",""type"":""long""}]},""owner"":""root"",""createVersion"":""2.4.4.4.1.8.19"",""identifier"":{""database"":""default"",""table"":""hivesampletable"",""product-class"":""org.apache.spark.sql.catalyst.TableIdentifier""},""lastAccessTime"":0,""unsupportedFeatures"":[],""schemaPreservesCase"":true,""storage"":{""serde"":""org.apache.hadoop.hive.serde2.lazy.LazySimpleSerDe"",""compressed"":false,""locationUri"":null,""inputFormat"":""org.apache.hadoop.mapred.TextInputFormat"",""outputFormat"":""org.apache.hadoop.hive.ql.io.HiveIgnoreKeyTextOutputFormat"",""properties"":null,""product-class"":""org.apache.spark.sql.catalyst.catalog.CatalogStorageFormat""},""tableType"":{""name"":""MANAGED"",""product-class"":""org.apache.spark.sql.catalyst.catalog.CatalogTableType""},""partitionColumnNames"":[],""provider"":""hive"",""createTime"":1642575337000,""stats"":null,""ignoredProperties"":null,""properties"":null,""tracksPartitionsInCatalog"":true,""product-class"":""org.apache.spark.sql.catalyst.catalog.CatalogTable""},""dataCols"":[[{""metadata"":{},""nullable"":true,""num-children"":0,""dataType"":""string"",""qualifier"":[],""name"":""ClientId"",""exprId"":{""jvmId"":""f3214492-5a10-4d4a-b6d0-52a2499ec535"",""id"":34,""product-class"":""org.apache.spark.sql.catalyst.expressions.ExprId""},""class"":""org.apache.spark.sql.catalyst.expressions.AttributeReference""}],[{""metadata"":{},""nullable"":true,""num-children"":0,""dataType"":""string"",""qualifier"":[],""name"":""QueryTime"",""exprId"":{""jvmId"":""f3214492-5a10-4d4a-b6d0-52a2499ec535"",""id"":35,""product-class"":""org.apache.spark.sql.catalyst.expressions.ExprId""},""class"":""org.apache.spark.sql.catalyst.expressions.AttributeReference""}],[{""metadata"":{},""nullable"":true,""num-children"":0,""dataType"":""string"",""qualifier"":[],""name"":""Market"",""exprId"":{""jvmId"":""f3214492-5a10-4d4a-b6d0-52a2499ec535"",""id"":36,""product-class"":""org.apache.spark.sql.catalyst.expressions.ExprId""},""class"":""org.apache.spark.sql.catalyst.expressions.AttributeReference""}],[{""metadata"":{},""nullable"":true,""num-children"":0,""dataType"":""string"",""qualifier"":[],""name"":""DevicePlatform"",""exprId"":{""jvmId"":""f3214492-5a10-4d4a-b6d0-52a2499ec535"",""id"":37,""product-class"":""org.apache.spark.sql.catalyst.expressions.ExprId""},""class"":""org.apache.spark.sql.catalyst.expressions.AttributeReference""}],[{""metadata"":{},""nullable"":true,""num-children"":0,""dataType"":""string"",""qualifier"":[],""name"":""DeviceMake"",""exprId"":{""jvmId"":""f3214492-5a10-4d4a-b6d0-52a2499ec535"",""id"":38,""product-class"":""org.apache.spark.sql.catalyst.expressions.ExprId""},""class"":""org.apache.spark.sql.catalyst.expressions.AttributeReference""}],[{""metadata"":{},""nullable"":true,""num-children"":0,""dataType"":""string"",""qualifier"":[],""name"":""DeviceModel"",""exprId"":{""jvmId"":""f3214492-5a10-4d4a-b6d0-52a2499ec535"",""id"":39,""product-class"":""org.apache.spark.sql.catalyst.expressions.ExprId""},""class"":""org.apache.spark.sql.catalyst.expressions.AttributeReference""}],[{""metadata"":{},""nullable"":true,""num-children"":0,""dataType"":""string"",""qualifier"":[],""name"":""State"",""exprId"":{""jvmId"":""f3214492-5a10-4d4a-b6d0-52a2499ec535"",""id"":40,""product-class"":""org.apache.spark.sql.catalyst.expressions.ExprId""},""class"":""org.apache.spark.sql.catalyst.expressions.AttributeReference""}],[{""metadata"":{},""nullable"":true,""num-children"":0,""dataType"":""string"",""qualifier"":[],""name"":""Country"",""exprId"":{""jvmId"":""f3214492-5a10-4d4a-b6d0-52a2499ec535"",""id"":41,""product-class"":""org.apache.spark.sql.catalyst.expressions.ExprId""},""class"":""org.apache.spark.sql.catalyst.expressions.AttributeReference""}],[{""metadata"":{},""nullable"":true,""num-children"":0,""dataType"":""double"",""qualifier"":[],""name"":""QueryDwellTime"",""exprId"":{""jvmId"":""f3214492-5a10-4d4a-b6d0-52a2499ec535"",""id"":42,""product-class"":""org.apache.spark.sql.catalyst.expressions.ExprId""},""class"":""org.apache.spark.sql.catalyst.expressions.AttributeReference""}],[{""metadata"":{},""nullable"":true,""num-children"":0,""dataType"":""long"",""qualifier"":[],""name"":""SessionId"",""exprId"":{""jvmId"":""f3214492-5a10-4d4a-b6d0-52a2499ec535"",""id"":43,""product-class"":""org.apache.spark.sql.catalyst.expressions.ExprId""},""class"":""org.apache.spark.sql.catalyst.expressions.AttributeReference""}],[{""metadata"":{},""nullable"":true,""num-children"":0,""dataType"":""long"",""qualifier"":[],""name"":""SessionPageViewOrder"",""exprId"":{""jvmId"":""f3214492-5a10-4d4a-b6d0-52a2499ec535"",""id"":44,""product-class"":""org.apache.spark.sql.catalyst.expressions.ExprId""},""class"":""org.apache.spark.sql.catalyst.expressions.AttributeReference""}]],""num-children"":0,""partitionCols"":[],""class"":""org.apache.spark.sql.catalyst.catalog.HiveTableRelation""}"|0|0|0|0|-1|-1|
application_1642574874791_0004|Spark shell|Spark shell|sshuser|||0|1642575950732|1642576104281|153549|3|application_1642574874791_0004_3|1642576091790|1642576094000|2210|GlobalLimit|1|0|0|1||11168268139808146975|8571229512820820102|0|0|0|"{""limitExpr"":[{""num-children"":0,""dataType"":""integer"",""class"":""org.apache.spark.sql.catalyst.expressions.Literal"",""value"":""21""}],""num-children"":1,""class"":""org.apache.spark.sql.catalyst.plans.logical.GlobalLimit"",""child"":0}"|0|0|0|0|-1|-1|
application_1642574874791_0004|Spark shell|Spark shell|sshuser|||0|1642575950732|1642576104281|153549|3|application_1642574874791_0004_3|1642576091790|1642576094000|2210|LocalLimit|2|1|1|1||18446744072981537674|11290610003271708344|0|0|0|"{""limitExpr"":[{""num-children"":0,""dataType"":""integer"",""class"":""org.apache.spark.sql.catalyst.expressions.Literal"",""value"":""21""}],""num-children"":1,""class"":""org.apache.spark.sql.catalyst.plans.logical.LocalLimit"",""child"":0}"|0|0|0|0|-1|-1|
application_1642574874791_0004|Spark shell|Spark shell|sshuser|||0|1642575950732|1642576104281|153549|3|application_1642574874791_0004_3|1642576091790|1642576094000|2210|Aggregate|3|2|2|1||3654863739881006639|11259615723090744908|0|0|0|"{""aggregateExpressions"":[[{""metadata"":{},""nullable"":true,""num-children"":0,""dataType"":""string"",""qualifier"":""[default, hivesampletable]"",""name"":""state"",""exprId"":{""jvmId"":""f3214492-5a10-4d4a-b6d0-52a2499ec535"",""id"":56,""product-class"":""org.apache.spark.sql.catalyst.expressions.ExprId""},""class"":""org.apache.spark.sql.catalyst.expressions.AttributeReference""}],[{""metadata"":{},""nullable"":true,""num-children"":0,""dataType"":""string"",""qualifier"":""[default, hivesampletable]"",""name"":""country"",""exprId"":{""jvmId"":""f3214492-5a10-4d4a-b6d0-52a2499ec535"",""id"":57,""product-class"":""org.apache.spark.sql.catalyst.expressions.ExprId""},""class"":""org.apache.spark.sql.catalyst.expressions.AttributeReference""}]],""num-children"":1,""groupingExpressions"":[[{""metadata"":{},""nullable"":true,""num-children"":0,""dataType"":""string"",""qualifier"":""[default, hivesampletable]"",""name"":""state"",""exprId"":{""jvmId"":""f3214492-5a10-4d4a-b6d0-52a2499ec535"",""id"":56,""product-class"":""org.apache.spark.sql.catalyst.expressions.ExprId""},""class"":""org.apache.spark.sql.catalyst.expressions.AttributeReference""}],[{""metadata"":{},""nullable"":true,""num-children"":0,""dataType"":""string"",""qualifier"":""[default, hivesampletable]"",""name"":""country"",""exprId"":{""jvmId"":""f3214492-5a10-4d4a-b6d0-52a2499ec535"",""id"":57,""product-class"":""org.apache.spark.sql.catalyst.expressions.ExprId""},""class"":""org.apache.spark.sql.catalyst.expressions.AttributeReference""}]],""class"":""org.apache.spark.sql.catalyst.plans.logical.Aggregate"",""child"":0}"|0|0|0|0|-1|-1|
application_1642574874791_0004|Spark shell|Spark shell|sshuser|||0|1642575950732|1642576104281|153549|3|application_1642574874791_0004_3|1642576091790|1642576094000|2210|Project|4|3|3|1||18446744071607956687|18446744073570912850|0|0|0|"{""projectList"":[[{""metadata"":{},""nullable"":true,""num-children"":0,""dataType"":""string"",""qualifier"":""[default, hivesampletable]"",""name"":""state"",""exprId"":{""jvmId"":""f3214492-5a10-4d4a-b6d0-52a2499ec535"",""id"":56,""product-class"":""org.apache.spark.sql.catalyst.expressions.ExprId""},""class"":""org.apache.spark.sql.catalyst.expressions.AttributeReference""}],[{""metadata"":{},""nullable"":true,""num-children"":0,""dataType"":""string"",""qualifier"":""[default, hivesampletable]"",""name"":""country"",""exprId"":{""jvmId"":""f3214492-5a10-4d4a-b6d0-52a2499ec535"",""id"":57,""product-class"":""org.apache.spark.sql.catalyst.expressions.ExprId""},""class"":""org.apache.spark.sql.catalyst.expressions.AttributeReference""}]],""num-children"":1,""class"":""org.apache.spark.sql.catalyst.plans.logical.Project"",""child"":0}"|0|0|0|0|-1|-1|
application_1642574874791_0004|Spark shell|Spark shell|sshuser|||0|1642575950732|1642576104281|153549|3|application_1642574874791_0004_3|1642576091790|1642576094000|2210|Filter|5|4|4|1||18446744071889497700|9409467400931056980|0|0|0|"{""condition"":[{""left"":0,""num-children"":2,""right"":1,""class"":""org.apache.spark.sql.catalyst.expressions.And""},{""num-children"":1,""class"":""org.apache.spark.sql.catalyst.expressions.IsNotNull"",""child"":0},{""metadata"":{},""nullable"":true,""num-children"":0,""dataType"":""string"",""qualifier"":""[default, hivesampletable]"",""name"":""querytime"",""exprId"":{""jvmId"":""f3214492-5a10-4d4a-b6d0-52a2499ec535"",""id"":51,""product-class"":""org.apache.spark.sql.catalyst.expressions.ExprId""},""class"":""org.apache.spark.sql.catalyst.expressions.AttributeReference""},{""left"":0,""num-children"":2,""right"":1,""class"":""org.apache.spark.sql.catalyst.expressions.StartsWith""},{""metadata"":{},""nullable"":true,""num-children"":0,""dataType"":""string"",""qualifier"":""[default, hivesampletable]"",""name"":""querytime"",""exprId"":{""jvmId"":""f3214492-5a10-4d4a-b6d0-52a2499ec535"",""id"":51,""product-class"":""org.apache.spark.sql.catalyst.expressions.ExprId""},""class"":""org.apache.spark.sql.catalyst.expressions.AttributeReference""},{""num-children"":0,""dataType"":""string"",""class"":""org.apache.spark.sql.catalyst.expressions.Literal"",""value"":""11""}],""num-children"":1,""class"":""org.apache.spark.sql.catalyst.plans.logical.Filter"",""child"":0}"|0|0|0|0|-1|-1|
application_1642574874791_0004|Spark shell|Spark shell|sshuser|||0|1642575950732|1642576104281|153549|3|application_1642574874791_0004_3|1642576091790|1642576094000|2210|HiveTableRelation|6|5|5|0||18446744072324314892|18446744073121651310|0|0|0|"{""tableMeta"":{""schema"":{""type"":""struct"",""fields"":[{""metadata"":{},""nullable"":true,""name"":""ClientId"",""type"":""string""},{""metadata"":{},""nullable"":true,""name"":""QueryTime"",""type"":""string""},{""metadata"":{},""nullable"":true,""name"":""Market"",""type"":""string""},{""metadata"":{},""nullable"":true,""name"":""DevicePlatform"",""type"":""string""},{""metadata"":{},""nullable"":true,""name"":""DeviceMake"",""type"":""string""},{""metadata"":{},""nullable"":true,""name"":""DeviceModel"",""type"":""string""},{""metadata"":{},""nullable"":true,""name"":""State"",""type"":""string""},{""metadata"":{},""nullable"":true,""name"":""Country"",""type"":""string""},{""metadata"":{},""nullable"":true,""name"":""QueryDwellTime"",""type"":""double""},{""metadata"":{},""nullable"":true,""name"":""SessionId"",""type"":""long""},{""metadata"":{},""nullable"":true,""name"":""SessionPageViewOrder"",""type"":""long""}]},""owner"":""root"",""createVersion"":""2.4.4.4.1.8.19"",""identifier"":{""database"":""default"",""table"":""hivesampletable"",""product-class"":""org.apache.spark.sql.catalyst.TableIdentifier""},""lastAccessTime"":0,""unsupportedFeatures"":[],""schemaPreservesCase"":true,""storage"":{""serde"":""org.apache.hadoop.hive.serde2.lazy.LazySimpleSerDe"",""compressed"":false,""locationUri"":null,""inputFormat"":""org.apache.hadoop.mapred.TextInputFormat"",""outputFormat"":""org.apache.hadoop.hive.ql.io.HiveIgnoreKeyTextOutputFormat"",""properties"":null,""product-class"":""org.apache.spark.sql.catalyst.catalog.CatalogStorageFormat""},""tableType"":{""name"":""MANAGED"",""product-class"":""org.apache.spark.sql.catalyst.catalog.CatalogTableType""},""partitionColumnNames"":[],""provider"":""hive"",""createTime"":1642575337000,""stats"":null,""ignoredProperties"":null,""properties"":null,""tracksPartitionsInCatalog"":true,""product-class"":""org.apache.spark.sql.catalyst.catalog.CatalogTable""},""dataCols"":[[{""metadata"":{},""nullable"":true,""num-children"":0,""dataType"":""string"",""qualifier"":[],""name"":""ClientId"",""exprId"":{""jvmId"":""f3214492-5a10-4d4a-b6d0-52a2499ec535"",""id"":50,""product-class"":""org.apache.spark.sql.catalyst.expressions.ExprId""},""class"":""org.apache.spark.sql.catalyst.expressions.AttributeReference""}],[{""metadata"":{},""nullable"":true,""num-children"":0,""dataType"":""string"",""qualifier"":[],""name"":""QueryTime"",""exprId"":{""jvmId"":""f3214492-5a10-4d4a-b6d0-52a2499ec535"",""id"":51,""product-class"":""org.apache.spark.sql.catalyst.expressions.ExprId""},""class"":""org.apache.spark.sql.catalyst.expressions.AttributeReference""}],[{""metadata"":{},""nullable"":true,""num-children"":0,""dataType"":""string"",""qualifier"":[],""name"":""Market"",""exprId"":{""jvmId"":""f3214492-5a10-4d4a-b6d0-52a2499ec535"",""id"":52,""product-class"":""org.apache.spark.sql.catalyst.expressions.ExprId""},""class"":""org.apache.spark.sql.catalyst.expressions.AttributeReference""}],[{""metadata"":{},""nullable"":true,""num-children"":0,""dataType"":""string"",""qualifier"":[],""name"":""DevicePlatform"",""exprId"":{""jvmId"":""f3214492-5a10-4d4a-b6d0-52a2499ec535"",""id"":53,""product-class"":""org.apache.spark.sql.catalyst.expressions.ExprId""},""class"":""org.apache.spark.sql.catalyst.expressions.AttributeReference""}],[{""metadata"":{},""nullable"":true,""num-children"":0,""dataType"":""string"",""qualifier"":[],""name"":""DeviceMake"",""exprId"":{""jvmId"":""f3214492-5a10-4d4a-b6d0-52a2499ec535"",""id"":54,""product-class"":""org.apache.spark.sql.catalyst.expressions.ExprId""},""class"":""org.apache.spark.sql.catalyst.expressions.AttributeReference""}],[{""metadata"":{},""nullable"":true,""num-children"":0,""dataType"":""string"",""qualifier"":[],""name"":""DeviceModel"",""exprId"":{""jvmId"":""f3214492-5a10-4d4a-b6d0-52a2499ec535"",""id"":55,""product-class"":""org.apache.spark.sql.catalyst.expressions.ExprId""},""class"":""org.apache.spark.sql.catalyst.expressions.AttributeReference""}],[{""metadata"":{},""nullable"":true,""num-children"":0,""dataType"":""string"",""qualifier"":[],""name"":""State"",""exprId"":{""jvmId"":""f3214492-5a10-4d4a-b6d0-52a2499ec535"",""id"":56,""product-class"":""org.apache.spark.sql.catalyst.expressions.ExprId""},""class"":""org.apache.spark.sql.catalyst.expressions.AttributeReference""}],[{""metadata"":{},""nullable"":true,""num-children"":0,""dataType"":""string"",""qualifier"":[],""name"":""Country"",""exprId"":{""jvmId"":""f3214492-5a10-4d4a-b6d0-52a2499ec535"",""id"":57,""product-class"":""org.apache.spark.sql.catalyst.expressions.ExprId""},""class"":""org.apache.spark.sql.catalyst.expressions.AttributeReference""}],[{""metadata"":{},""nullable"":true,""num-children"":0,""dataType"":""double"",""qualifier"":[],""name"":""QueryDwellTime"",""exprId"":{""jvmId"":""f3214492-5a10-4d4a-b6d0-52a2499ec535"",""id"":58,""product-class"":""org.apache.spark.sql.catalyst.expressions.ExprId""},""class"":""org.apache.spark.sql.catalyst.expressions.AttributeReference""}],[{""metadata"":{},""nullable"":true,""num-children"":0,""dataType"":""long"",""qualifier"":[],""name"":""SessionId"",""exprId"":{""jvmId"":""f3214492-5a10-4d4a-b6d0-52a2499ec535"",""id"":59,""product-class"":""org.apache.spark.sql.catalyst.expressions.ExprId""},""class"":""org.apache.spark.sql.catalyst.expressions.AttributeReference""}],[{""metadata"":{},""nullable"":true,""num-children"":0,""dataType"":""long"",""qualifier"":[],""name"":""SessionPageViewOrder"",""exprId"":{""jvmId"":""f3214492-5a10-4d4a-b6d0-52a2499ec535"",""id"":60,""product-class"":""org.apache.spark.sql.catalyst.expressions.ExprId""},""class"":""org.apache.spark.sql.catalyst.expressions.AttributeReference""}]],""num-children"":0,""partitionCols"":[],""class"":""org.apache.spark.sql.catalyst.catalog.HiveTableRelation""}"|0|0|0|0|-1|-1|
